{
  "__version__": "1.0.0",
  "builder": {
    "taskOptionsMap": {},
    "__version__": "1.3.7"
  },
  "gizmos-infos": {
    "is2D": false,
    "is3DIcon": false,
    "iconSize": 2,
    "gridVisible": true,
    "gridColor": [
      0,
      0,
      0,
      255
    ],
    "transformToolName": "position",
    "pivot": "pivot",
    "coordinate": "local",
    "toolsVisibility3d": true
  },
  "snap-configs": {
    "position": {
      "x": 1,
      "y": 1,
      "z": 1
    },
    "rotation": 1,
    "scale": 1,
    "isPositionSnapEnabled": false,
    "isRotationSnapEnabled": false,
    "isScaleSnapEnabled": false
  },
  "rect-snap-configs": {
    "enableSnapping": true,
    "snapThreshold": 4
  },
  "float-window": {
    "position": {
      "cc": {
        "Camera": {
          "dock": false,
          "top": null,
          "bottom": 10,
          "left": null,
          "right": 10
        }
      }
    }
  },
  "camera-infos": {
    "ef7b5382-ee17-402e-a1ed-1fb0bd490210": {
      "position": {
        "x": 2.2594522381146653,
        "y": 1.6725729929925657,
        "z": 1.7286573146247837
      },
      "rotation": {
        "x": -0.2354624274826567,
        "y": 0.4273760212670576,
        "z": 0.11632469331076126,
        "w": 0.8650871328462073
      },
      "viewCenter": {
        "x": 0,
        "y": 0,
        "z": 0
      },
      "contentRect": {
        "x": 0,
        "y": 0,
        "width": 1218,
        "height": 686
      },
      "scale": 1
    },
    "82ec01f9-dc36-4804-9cb5-9871ee16af58": {
      "position": {
        "x": 20.916587031792144,
        "y": 20.916587031792137,
        "z": 20.916587031792133
      },
      "rotation": {
        "x": -0.27984814233312133,
        "y": 0.36470519963100073,
        "z": 0.11591689595929512,
        "w": 0.8804762392171493
      },
      "viewCenter": {
        "x": 0,
        "y": 0,
        "z": 0
      },
      "contentRect": {
        "x": 0,
        "y": 0,
        "width": 1218,
        "height": 686
      },
      "scale": 1
    },
    "c482dc01-5603-4ebb-bb22-97fbab57236e": {
      "position": {
        "x": 15.846995265705564,
        "y": 5.702897477449789,
        "z": -7.018037767335643
      },
      "rotation": {
        "x": -0.10753781371037263,
        "y": 0.86408261720859,
        "z": 0.20869821890437018,
        "w": 0.44524364418427126
      },
      "viewCenter": {
        "x": 6,
        "y": -0.5,
        "z": 0
      },
      "contentRect": {
        "x": 0,
        "y": 0,
        "width": 300,
        "height": 150
      },
      "scale": 1
    },
    "efe1ed1d-5fde-455b-82ec-9be140a8fc5d": {
      "position": {
        "x": 7.915857011900004,
        "y": 1.307651973289334,
        "z": 1.071422520571508
      },
      "rotation": {
        "x": -0.06102763878255035,
        "y": 0.655814276920406,
        "z": 0.05332393727698116,
        "w": 0.7505596706493577
      },
      "viewCenter": {
        "x": 0,
        "y": 0,
        "z": 0
      },
      "contentRect": {
        "x": 0,
        "y": 0,
        "width": 1218,
        "height": 683
      },
      "scale": 1
    },
    "19cae69b-fd56-4799-9c14-c3b257ec6b46": {
      "position": {
        "x": 11.8216930375347,
        "y": 17.797096711391774,
        "z": -12.958130517293444
      },
      "rotation": {
        "x": -0.12881158586106117,
        "y": 0.8698905198547859,
        "z": 0.3611751302186739,
        "w": 0.3102427825530398
      },
      "viewCenter": {
        "x": 0.48597326342168135,
        "y": -0.17661945795829048,
        "z": 0.9125777961629016
      },
      "contentRect": {
        "x": 0,
        "y": 0,
        "width": 1218,
        "height": 683
      },
      "scale": 1
    },
    "0a374e97-859e-4890-b1c7-a78a297e7acc": {
      "position": {
        "x": 4.0535664311578845,
        "y": 7.427263019823369,
        "z": -4.960058886089455
      },
      "rotation": {
        "x": -0.12881158586106117,
        "y": 0.8698905198547859,
        "z": 0.3611751302186739,
        "w": 0.3102427825530398
      },
      "viewCenter": {
        "x": 0,
        "y": 1,
        "z": 0
      },
      "contentRect": {
        "x": 0,
        "y": 0,
        "width": 1218,
        "height": 683
      },
      "scale": 1
    },
    "464f1ea2-2792-4977-af54-c518b01cdca5": {
      "position": {
        "x": -2.4504833700853372,
        "y": 13.327129211948327,
        "z": -12.176620480835819
      },
      "rotation": {
        "x": 0.04868032366597981,
        "y": 0.9022743725398191,
        "z": 0.4151344783158703,
        "w": -0.10580428941711931
      },
      "viewCenter": {
        "x": 0.22385449928839085,
        "y": -0.16672463434634466,
        "z": -0.9303565594026355
      },
      "contentRect": {
        "x": 0,
        "y": 0,
        "width": 1218,
        "height": 683
      },
      "scale": 1
    },
    "f46876e4-e81b-4931-b493-6d367be385e7": {
      "position": {
        "x": 22.00732929874892,
        "y": 22.007329298748918,
        "z": 22.00732929874891
      },
      "rotation": {
        "x": -0.27984814233312133,
        "y": 0.3647051996310009,
        "z": 0.11591689595929512,
        "w": 0.8804762392171493
      },
      "viewCenter": {
        "x": 0,
        "y": 0,
        "z": 0
      },
      "contentRect": {
        "x": 0,
        "y": 0,
        "width": 1218,
        "height": 652
      },
      "scale": 1
    },
    "9aedf9e2-a12e-45eb-ab73-34e9dba84e95": {
      "position": {
        "x": -14.08738941055526,
        "y": 9.715656991502783,
        "z": 33.940169199673164
      },
      "rotation": {
        "x": -0.2749016902912903,
        "y": 0.03142017886307412,
        "z": 0.008988770480727758,
        "w": 0.9609167680087848
      },
      "viewCenter": {
        "x": -15,
        "y": 1.01,
        "z": 20
      },
      "contentRect": {
        "x": 0,
        "y": 0,
        "width": 1218,
        "height": 652
      },
      "scale": 1
    },
    "3cb60a4a-c6cd-45bf-9813-0ba55d1461fe": {
      "position": {
        "x": 121.19976395283916,
        "y": 152.3071829148306,
        "z": -212.09175853330873
      },
      "rotation": {
        "x": -0.07062749974515575,
        "y": 0.9291886138965775,
        "z": 0.2659438786303337,
        "w": 0.2467673590727904
      },
      "viewCenter": {
        "x": 0,
        "y": 0,
        "z": 0
      },
      "contentRect": {
        "x": 0,
        "y": 0,
        "width": 300,
        "height": 150
      },
      "scale": 1
    }
  },
  "camera-uuids": [
    "ef7b5382-ee17-402e-a1ed-1fb0bd490210",
    "82ec01f9-dc36-4804-9cb5-9871ee16af58",
    "c482dc01-5603-4ebb-bb22-97fbab57236e",
    "efe1ed1d-5fde-455b-82ec-9be140a8fc5d",
    "19cae69b-fd56-4799-9c14-c3b257ec6b46",
    "0a374e97-859e-4890-b1c7-a78a297e7acc",
    "464f1ea2-2792-4977-af54-c518b01cdca5",
    "f46876e4-e81b-4931-b493-6d367be385e7",
    "9aedf9e2-a12e-45eb-ab73-34e9dba84e95",
    "3cb60a4a-c6cd-45bf-9813-0ba55d1461fe"
  ],
  "camera": {
    "color": [
      48,
      48,
      48,
      255
    ],
    "fov": 45,
    "far": 10000,
    "near": 0.01,
    "wheelSpeed": 0.01,
    "wanderSpeed": 10,
    "enableAcceleration": true,
    "size": "__default_design__",
    "far2D": 10000,
    "near2D": 1,
    "wheelSpeed2D": 6,
    "iso": 0,
    "aperture": 19,
    "shutter": 7
  },
  "scene_view": {
    "isSceneLightOn": true,
    "output_device": "__default_design__"
  },
  "game-view": {
    "scaleValue": 78,
    "sliderValue": 38
  }
}
