{
  "__version__": "1.0.0",
  "builder": {},
  "gizmos-infos": {
    "is2D": false,
    "is3DIcon": false,
    "iconSize": 2,
    "gridVisible": true,
    "gridColor": [
      0,
      0,
      0,
      255
    ],
    "transformToolName": "position",
    "pivot": "pivot",
    "coordinate": "local",
    "toolsVisibility3d": true
  },
  "snap-configs": {
    "position": {
      "x": 1,
      "y": 1,
      "z": 1
    },
    "rotation": 1,
    "scale": 1,
    "isPositionSnapEnabled": false,
    "isRotationSnapEnabled": false,
    "isScaleSnapEnabled": false
  },
  "rect-snap-configs": {
    "enableSnapping": true,
    "snapThreshold": 4
  },
  "float-window": {
    "position": {
      "cc": {
        "Camera": {
          "dock": false,
          "top": null,
          "bottom": 10,
          "left": null,
          "right": 10
        }
      }
    }
  },
  "camera-infos": {
    "ef7b5382-ee17-402e-a1ed-1fb0bd490210": {
      "position": {
        "x": 2.2594522381146653,
        "y": 1.6725729929925657,
        "z": 1.7286573146247837
      },
      "rotation": {
        "x": -0.2354624274826567,
        "y": 0.4273760212670576,
        "z": 0.11632469331076126,
        "w": 0.8650871328462073
      },
      "viewCenter": {
        "x": 0,
        "y": 0,
        "z": 0
      },
      "contentRect": {
        "x": 0,
        "y": 0,
        "width": 1218,
        "height": 686
      },
      "scale": 1
    },
    "82ec01f9-dc36-4804-9cb5-9871ee16af58": {
      "position": {
        "x": 20.916587031792144,
        "y": 20.916587031792137,
        "z": 20.916587031792133
      },
      "rotation": {
        "x": -0.27984814233312133,
        "y": 0.36470519963100073,
        "z": 0.11591689595929512,
        "w": 0.8804762392171493
      },
      "viewCenter": {
        "x": 0,
        "y": 0,
        "z": 0
      },
      "contentRect": {
        "x": 0,
        "y": 0,
        "width": 1218,
        "height": 686
      },
      "scale": 1
    },
    "f46876e4-e81b-4931-b493-6d367be385e7": {
      "position": {
        "x": 40.91864130187447,
        "y": 40.91864130187447,
        "z": 40.91864130187447
      },
      "rotation": {
        "x": -0.27984814233312133,
        "y": 0.3647051996310009,
        "z": 0.11591689595929512,
        "w": 0.8804762392171493
      },
      "viewCenter": {
        "x": 0,
        "y": 0,
        "z": 0
      },
      "contentRect": {
        "x": 0,
        "y": 0,
        "width": 857,
        "height": 482
      },
      "scale": 1
    },
    "3cb60a4a-c6cd-45bf-9813-0ba55d1461fe": {
      "position": {
        "x": -0.5276120077734556,
        "y": 8.054033277550177,
        "z": -9.503914536481963
      },
      "rotation": {
        "x": 0.008692191891304123,
        "y": 0.9492205725941443,
        "z": 0.31338729351336037,
        "w": -0.026327829924636437
      },
      "viewCenter": {
        "x": 0,
        "y": 1,
        "z": 0
      },
      "contentRect": {
        "x": 0,
        "y": 0,
        "width": 300,
        "height": 150
      },
      "scale": 1
    },
    "c482dc01-5603-4ebb-bb22-97fbab57236e": {
      "position": {
        "x": 15.846995265705564,
        "y": 5.702897477449789,
        "z": -7.018037767335643
      },
      "rotation": {
        "x": -0.10753781371037263,
        "y": 0.86408261720859,
        "z": 0.20869821890437018,
        "w": 0.44524364418427126
      },
      "viewCenter": {
        "x": 6,
        "y": -0.5,
        "z": 0
      },
      "contentRect": {
        "x": 0,
        "y": 0,
        "width": 300,
        "height": 150
      },
      "scale": 1
    }
  },
  "camera-uuids": [
    "ef7b5382-ee17-402e-a1ed-1fb0bd490210",
    "82ec01f9-dc36-4804-9cb5-9871ee16af58",
    "f46876e4-e81b-4931-b493-6d367be385e7",
    "3cb60a4a-c6cd-45bf-9813-0ba55d1461fe",
    "c482dc01-5603-4ebb-bb22-97fbab57236e"
  ],
  "camera": {
    "color": [
      48,
      48,
      48,
      255
    ],
    "fov": 45,
    "far": 10000,
    "near": 0.01,
    "wheelSpeed": 0.01,
    "wanderSpeed": 10,
    "enableAcceleration": true,
    "size": "__default_design__",
    "far2D": 10000,
    "near2D": 1,
    "wheelSpeed2D": 6,
    "iso": 0,
    "aperture": 19,
    "shutter": 7
  },
  "scene_view": {
    "isSceneLightOn": true,
    "output_device": "__default_design__"
  },
  "game-view": {
    "scaleValue": 67,
    "sliderValue": 32
  }
}
