{
  "__version__": "1.0.0",
  "builder": {},
  "gizmos-infos": {
    "is2D": false,
    "is3DIcon": false,
    "iconSize": 2,
    "gridVisible": true,
    "gridColor": [
      0,
      0,
      0,
      255
    ],
    "transformToolName": "position",
    "pivot": "pivot",
    "coordinate": "local",
    "toolsVisibility3d": true
  },
  "snap-configs": {
    "position": {
      "x": 1,
      "y": 1,
      "z": 1
    },
    "rotation": 1,
    "scale": 1,
    "isPositionSnapEnabled": false,
    "isRotationSnapEnabled": false,
    "isScaleSnapEnabled": false
  },
  "rect-snap-configs": {
    "enableSnapping": true,
    "snapThreshold": 4
  },
  "float-window": {
    "position": {
      "cc": {
        "Camera": {
          "dock": false,
          "top": null,
          "bottom": 10,
          "left": null,
          "right": 10
        }
      }
    }
  },
  "camera-infos": {
    "ef7b5382-ee17-402e-a1ed-1fb0bd490210": {
      "position": {
        "x": 2.2594522381146653,
        "y": 1.6725729929925657,
        "z": 1.7286573146247837
      },
      "rotation": {
        "x": -0.2354624274826567,
        "y": 0.4273760212670576,
        "z": 0.11632469331076126,
        "w": 0.8650871328462073
      },
      "viewCenter": {
        "x": 0,
        "y": 0,
        "z": 0
      },
      "contentRect": {
        "x": 0,
        "y": 0,
        "width": 1218,
        "height": 686
      },
      "scale": 1
    },
    "82ec01f9-dc36-4804-9cb5-9871ee16af58": {
      "position": {
        "x": 20.916587031792144,
        "y": 20.916587031792137,
        "z": 20.916587031792133
      },
      "rotation": {
        "x": -0.27984814233312133,
        "y": 0.36470519963100073,
        "z": 0.11591689595929512,
        "w": 0.8804762392171493
      },
      "viewCenter": {
        "x": 0,
        "y": 0,
        "z": 0
      },
      "contentRect": {
        "x": 0,
        "y": 0,
        "width": 1218,
        "height": 686
      },
      "scale": 1
    },
    "f46876e4-e81b-4931-b493-6d367be385e7": {
      "position": {
        "x": 28.25499256754944,
        "y": 28.254992567549433,
        "z": 28.25499256754943
      },
      "rotation": {
        "x": -0.27984814233312133,
        "y": 0.3647051996310009,
        "z": 0.11591689595929512,
        "w": 0.8804762392171493
      },
      "viewCenter": {
        "x": 0,
        "y": 0,
        "z": 0
      },
      "contentRect": {
        "x": 0,
        "y": 0,
        "width": 1088,
        "height": 612
      },
      "scale": 1
    },
    "3cb60a4a-c6cd-45bf-9813-0ba55d1461fe": {
      "position": {
        "x": -3.223368536098757,
        "y": 10.984326026042494,
        "z": -10.329861494965979
      },
      "rotation": {
        "x": 0.058884799761308976,
        "y": 0.9250075426278691,
        "z": 0.33929669123855455,
        "w": -0.16053467461327603
      },
      "viewCenter": {
        "x": 0.6060681471684763,
        "y": 1.3507186597340226,
        "z": 0.3705274954454669
      },
      "contentRect": {
        "x": 0,
        "y": 0,
        "width": 1088,
        "height": 612
      },
      "scale": 1
    }
  },
  "camera-uuids": [
    "ef7b5382-ee17-402e-a1ed-1fb0bd490210",
    "82ec01f9-dc36-4804-9cb5-9871ee16af58",
    "f46876e4-e81b-4931-b493-6d367be385e7",
    "3cb60a4a-c6cd-45bf-9813-0ba55d1461fe"
  ],
  "camera": {
    "color": [
      48,
      48,
      48,
      255
    ],
    "fov": 45,
    "far": 10000,
    "near": 0.01,
    "wheelSpeed": 0.01,
    "wanderSpeed": 10,
    "enableAcceleration": true,
    "size": "__default_design__",
    "far2D": 10000,
    "near2D": 1,
    "wheelSpeed2D": 6,
    "iso": 0,
    "aperture": 19,
    "shutter": 7
  },
  "scene_view": {
    "isSceneLightOn": true,
    "output_device": "__default_design__"
  },
  "game-view": {
    "scaleValue": 85,
    "sliderValue": 42
  }
}
